[
  {
    "model": "contacts.office",
    "pk": 1,
    "fields": {
      "city": "Астана",
      "address": "район Есиль, Пр. Мангилик ел 55А, Блок С, Z05T2H3",
      "phone": "+7 (7172) 554-222",
      "email": "info@qicm.kz",
      "working_hours": "Пн-Пт 9:00-18:00",
      "latitude": null,
      "longitude": null,
      "instagram": "https://example.com",
      "facebook": "https://example.com",
      "linkedin": "",
      "twitter": "",
      "youtube": "https://example.com",
      "telegram": "https://example.com",
      "whatsapp": "https://example.com",
      "tiktok": "",
      "is_main": true,
      "is_active": true,
      "order": 0,
      "created_at": "2026-01-06T09:41:30.759Z",
      "updated_at": "2026-01-27T04:20:39.663Z",
      "city_kk": "Астана",
      "city_en": "Astana",
      "address_kk": "Есіл ауданы, Мәңгілік Ел даңғылы 55А, C блогы, Z05T2H3",
      "address_en": "Yesil district, 55A Mangilik El Ave., Block C, Z05T2H3",
      "working_hours_kk": "Дс-Жм 9:00-18:00",
      "working_hours_en": "Mon-Fri 9:00-18:00"
    }
  },
  {
    "model": "holdings.fund",
    "pk": 1,
    "fields": {
      "name": "Adal Fund LP",
      "badge": "Открытый фонд",
      "fund_type": "Открытый специализированный фонд прямых инвестиций зонтичного типа · МФЦА",
      "target_size": "$1 млрд",
      "lifespan": "10 лет",
      "registration_date": "2025-12-31",
      "is_dark": false,
      "is_active": true,
      "order": 1,
      "name_kk": "Adal Fund LP",
      "name_en": "Adal Fund LP",
      "badge_kk": "Ашық қор",
      "badge_en": "Open fund",
      "fund_type_kk": "АХҚО аясындағы қолшатыр түріндегі ашық мамандандырылған тікелей инвестициялар қоры",
      "fund_type_en": "Open specialised umbrella-type private equity fund · AIFC",
      "target_size_kk": "$1 млрд",
      "target_size_en": "$1 billion",
      "lifespan_kk": "10 жыл",
      "lifespan_en": "10 years"
    }
  },
  {
    "model": "holdings.fund",
    "pk": 2,
    "fields": {
      "name": "Kokzhiyek Fund LP",
      "badge": "Закрытый фонд",
      "fund_type": "Закрытый фонд прямых инвестиций · МФЦА",
      "target_size": "$4 млрд",
      "lifespan": "40 лет",
      "registration_date": "2025-07-21",
      "is_dark": true,
      "is_active": true,
      "order": 2,
      "name_kk": "Kokzhiyek Fund LP",
      "name_en": "Kokzhiyek Fund LP",
      "badge_kk": "Жабық қор",
      "badge_en": "Closed fund",
      "fund_type_kk": "Жабық тікелей инвестициялар қоры · АХҚО",
      "fund_type_en": "Closed private equity fund · AIFC",
      "target_size_kk": "$4 млрд",
      "target_size_en": "$4 billion",
      "lifespan_kk": "40 жыл",
      "lifespan_en": "40 years"
    }
  },
  {
    "model": "holdings.fundgoal",
    "pk": 1,
    "fields": {
      "fund": 1,
      "text": "Расширение экспортного потенциала аграрного сектора Республики Казахстан.",
      "order": 1,
      "text_kk": "Қазақстан Республикасының аграрлық секторының экспорттық әлеуетін кеңейту.",
      "text_en": "Expanding the export potential of the agrarian sector of the Republic of Kazakhstan."
    }
  },
  {
    "model": "holdings.fundgoal",
    "pk": 2,
    "fields": {
      "fund": 1,
      "text": "Обеспечение стабильных каналов сбыта для отечественных производителей.",
      "order": 2,
      "text_kk": "Отандық өндірушілер үшін тұрақты өткізу арналарын қамтамасыз ету.",
      "text_en": "Ensuring stable sales channels for domestic producers."
    }
  },
  {
    "model": "holdings.fundgoal",
    "pk": 3,
    "fields": {
      "fund": 1,
      "text": "Привлечение долгосрочного иностранного капитала в цепочки добавленной стоимости агропромышленного комплекса (АПК).",
      "order": 3,
      "text_kk": "Агроөнеркәсіптік кешеннің қосылған құн тізбектеріне ұзақ мерзімді шетел капиталын тарту.",
      "text_en": "Attracting long-term foreign capital into agro-industrial value chains."
    }
  },
  {
    "model": "holdings.fundgoal",
    "pk": 4,
    "fields": {
      "fund": 2,
      "text": "Поддержка крупнейших предприятий Республики Казахстан.",
      "order": 1,
      "text_kk": "Қазақстан Республикасының ірі кәсіпорындарын қолдау.",
      "text_en": "Supporting the largest enterprises of the Republic of Kazakhstan."
    }
  },
  {
    "model": "holdings.fundgoal",
    "pk": 5,
    "fields": {
      "fund": 2,
      "text": "Увеличение объемов производства продукции и повышение экспортного потенциала.",
      "order": 2,
      "text_kk": "Өнім өндіру көлемін ұлғайту және экспорттық әлеуетті арттыру.",
      "text_en": "Increasing production volumes and export potential."
    }
  },
  {
    "model": "holdings.fundgoal",
    "pk": 6,
    "fields": {
      "fund": 2,
      "text": "Проведение модернизации и увеличение существующих производственных мощностей.",
      "order": 3,
      "text_kk": "Жаңғырту жүргізу және қолданыстағы өндірістік қуаттарды арттыру.",
      "text_en": "Modernising and expanding existing production capacities."
    }
  },
  {
    "model": "core.teammember",
    "pk": 1,
    "fields": {
      "first_name": "Айзада",
      "last_name": "Жунисбекова",
      "middle_name": "Телжановна",
      "position": "Главный исполнительный директор (Senior Executive Officer)",
      "group": "management",
      "photo": "",
      "citizenship": "Республика Казахстан",
      "is_active": true,
      "order": 1,
      "first_name_kk": "Айзада",
      "first_name_en": "Aizada",
      "last_name_kk": "Жунисбекова",
      "last_name_en": "Zhunisbekova",
      "middle_name_kk": "Телжановна",
      "middle_name_en": "Telzhanovna",
      "position_kk": "Бас атқарушы директор (Senior Executive Officer)",
      "position_en": "Senior Executive Officer",
      "citizenship_kk": "Қазақстан Республикасы",
      "citizenship_en": "Republic of Kazakhstan"
    }
  },
  {
    "model": "core.teammember",
    "pk": 2,
    "fields": {
      "first_name": "Максат",
      "last_name": "Искендиров",
      "middle_name": "",
      "position": "Заместитель по инвестиционной деятельности (Deputy SEO)",
      "group": "management",
      "photo": "",
      "citizenship": "Республика Казахстан",
      "is_active": true,
      "order": 2,
      "first_name_kk": "Максат",
      "first_name_en": "Maksat",
      "last_name_kk": "Искендиров",
      "last_name_en": "Iskendirov",
      "middle_name_kk": "",
      "middle_name_en": "",
      "position_kk": "Инвестициялық қызмет жөніндегі орынбасар (Deputy SEO)",
      "position_en": "Deputy SEO for Investment Activities",
      "citizenship_kk": "Қазақстан Республикасы",
      "citizenship_en": "Republic of Kazakhstan"
    }
  },
  {
    "model": "core.teammember",
    "pk": 3,
    "fields": {
      "first_name": "Рада",
      "last_name": "Чиншанло",
      "middle_name": "",
      "position": "Заместитель по инвестиционной деятельности (Deputy SEO)",
      "group": "management",
      "photo": "",
      "citizenship": "Республика Казахстан",
      "is_active": true,
      "order": 3,
      "first_name_kk": "Рада",
      "first_name_en": "Rada",
      "last_name_kk": "Чиншанло",
      "last_name_en": "Chinshanlo",
      "middle_name_kk": "",
      "middle_name_en": "",
      "position_kk": "Инвестициялық қызмет жөніндегі орынбасар (Deputy SEO)",
      "position_en": "Deputy SEO for Investment Activities",
      "citizenship_kk": "Қазақстан Республикасы",
      "citizenship_en": "Republic of Kazakhstan"
    }
  },
  {
    "model": "core.teammember",
    "pk": 4,
    "fields": {
      "first_name": "Алмас",
      "last_name": "Агибаев",
      "middle_name": "Кудиярбекович",
      "position": "Финансовый директор (CFO)",
      "group": "management",
      "photo": "",
      "citizenship": "Республика Казахстан",
      "is_active": true,
      "order": 4,
      "first_name_kk": "Алмас",
      "first_name_en": "Almas",
      "last_name_kk": "Агибаев",
      "last_name_en": "Agibayev",
      "middle_name_kk": "Кудиярбекович",
      "middle_name_en": "Kudiyarbekovich",
      "position_kk": "Қаржы директоры (CFO)",
      "position_en": "Chief Financial Officer (CFO)",
      "citizenship_kk": "Қазақстан Республикасы",
      "citizenship_en": "Republic of Kazakhstan"
    }
  },
  {
    "model": "core.teammember",
    "pk": 5,
    "fields": {
      "first_name": "Тимур",
      "last_name": "Бегулиев",
      "middle_name": "",
      "position": "Председатель Совета директоров",
      "group": "board",
      "photo": "",
      "citizenship": "Республика Казахстан",
      "is_active": true,
      "order": 1,
      "first_name_kk": "Тимур",
      "first_name_en": "Timur",
      "last_name_kk": "Бегулиев",
      "last_name_en": "Beguliyev",
      "middle_name_kk": "",
      "middle_name_en": "",
      "position_kk": "Директорлар кеңесінің төрағасы",
      "position_en": "Chairman of the Board of Directors",
      "citizenship_kk": "Қазақстан Республикасы",
      "citizenship_en": "Republic of Kazakhstan"
    }
  },
  {
    "model": "core.teammember",
    "pk": 6,
    "fields": {
      "first_name": "Ермек",
      "last_name": "Смагулов",
      "middle_name": "Серикович",
      "position": "Член Совета директоров",
      "group": "board",
      "photo": "",
      "citizenship": "Республика Казахстан",
      "is_active": true,
      "order": 2,
      "first_name_kk": "Ермек",
      "first_name_en": "Yermek",
      "last_name_kk": "Смагулов",
      "last_name_en": "Smagulov",
      "middle_name_kk": "Серикович",
      "middle_name_en": "Serikovich",
      "position_kk": "Директорлар кеңесінің мүшесі",
      "position_en": "Member of the Board of Directors",
      "citizenship_kk": "Қазақстан Республикасы",
      "citizenship_en": "Republic of Kazakhstan"
    }
  },
  {
    "model": "core.teammemberbiosection",
    "pk": 1,
    "fields": {
      "member": 1,
      "title": "Сведения о трудовой деятельности",
      "order": 1,
      "title_kk": "Еңбек қызметі туралы мәліметтер",
      "title_en": "Employment history"
    }
  },
  {
    "model": "core.teammemberbiosection",
    "pk": 2,
    "fields": {
      "member": 2,
      "title": "Сведения о трудовой деятельности",
      "order": 1,
      "title_kk": "Еңбек қызметі туралы мәліметтер",
      "title_en": "Employment history"
    }
  },
  {
    "model": "core.teammemberbiosection",
    "pk": 3,
    "fields": {
      "member": 3,
      "title": "Сведения о трудовой деятельности",
      "order": 1,
      "title_kk": "Еңбек қызметі туралы мәліметтер",
      "title_en": "Employment history"
    }
  },
  {
    "model": "core.teammemberbiosection",
    "pk": 4,
    "fields": {
      "member": 4,
      "title": "Образование",
      "order": 1,
      "title_kk": "Білімі",
      "title_en": "Education"
    }
  },
  {
    "model": "core.teammemberbiosection",
    "pk": 5,
    "fields": {
      "member": 4,
      "title": "Сведения о трудовой деятельности",
      "order": 2,
      "title_kk": "Еңбек қызметі туралы мәліметтер",
      "title_en": "Employment history"
    }
  },
  {
    "model": "core.teammemberbiosection",
    "pk": 6,
    "fields": {
      "member": 5,
      "title": "Образование",
      "order": 1,
      "title_kk": "Білімі",
      "title_en": "Education"
    }
  },
  {
    "model": "core.teammemberbiosection",
    "pk": 7,
    "fields": {
      "member": 5,
      "title": "Сведения о трудовой деятельности",
      "order": 2,
      "title_kk": "Еңбек қызметі туралы мәліметтер",
      "title_en": "Employment history"
    }
  },
  {
    "model": "core.teammemberbiosection",
    "pk": 8,
    "fields": {
      "member": 5,
      "title": "Награды",
      "order": 3,
      "title_kk": "Марапаттары",
      "title_en": "Awards"
    }
  },
  {
    "model": "core.teammemberbiosection",
    "pk": 9,
    "fields": {
      "member": 6,
      "title": "Образование",
      "order": 1,
      "title_kk": "Білімі",
      "title_en": "Education"
    }
  },
  {
    "model": "core.teammemberbiosection",
    "pk": 10,
    "fields": {
      "member": 6,
      "title": "Сведения о трудовой деятельности",
      "order": 2,
      "title_kk": "Еңбек қызметі туралы мәліметтер",
      "title_en": "Employment history"
    }
  },
  {
    "model": "core.teammemberbioitem",
    "pk": 1,
    "fields": {
      "section": 1,
      "text": "Более 20 лет опыта в области управления активами, корпоративных финансов, инвестиционного банкинга и частного капитала в ведущих компаниях и финансовых учреждениях Казахстана и стран СНГ, национальных компаниях и семейных офисах.",
      "order": 1,
      "text_kk": "Қазақстан мен ТМД елдерінің жетекші компаниялары мен қаржы институттарында, ұлттық компанияларда және отбасылық офистерде активтерді басқару, корпоративтік қаржы, инвестициялық банкинг және private equity салаларында 20 жылдан астам тәжірибесі бар.",
      "text_en": "More than 20 years of experience in asset management, corporate finance, investment banking and private equity in leading companies and financial institutions in Kazakhstan and the CIS, national companies and family offices."
    }
  },
  {
    "model": "core.teammemberbioitem",
    "pk": 2,
    "fields": {
      "section": 1,
      "text": "Занимала руководящие должности в течение 13 лет.",
      "order": 2,
      "text_kk": "13 жыл бойы басшылық лауазымдар атқарды.",
      "text_en": "Held executive positions for 13 years."
    }
  },
  {
    "model": "core.teammemberbioitem",
    "pk": 3,
    "fields": {
      "section": 1,
      "text": "Послужной список включает в себя в общей сложности 3,5 млрд долларов на рынках долгового капитала и 2,2 млрд долларов в частном капитале.",
      "order": 3,
      "text_kk": "Кәсіби тәжірибесі борыштық капитал нарықтарында жалпы 3,5 млрд АҚШ долларын және private equity саласында 2,2 млрд АҚШ долларын қамтиды.",
      "text_en": "Track record includes a total of USD 3.5 billion in debt capital markets and USD 2.2 billion in private equity."
    }
  },
  {
    "model": "core.teammemberbioitem",
    "pk": 4,
    "fields": {
      "section": 2,
      "text": "Более 15 лет опыта работы в области кредитного риска, корпоративных финансов и управления инвестициями в ведущих финансовых учреждениях и организациях по развитию.",
      "order": 1,
      "text_kk": "Жетекші қаржы институттары мен даму ұйымдарында кредиттік тәуекел, корпоративтік қаржы және инвестицияларды басқару салаларында 15 жылдан астам тәжірибесі бар.",
      "text_en": "More than 15 years of experience in credit risk, corporate finance and investment management in leading financial institutions and development organisations."
    }
  },
  {
    "model": "core.teammemberbioitem",
    "pk": 5,
    "fields": {
      "section": 2,
      "text": "Имеет подтверждённый опыт в структурировании крупномасштабных инвестиций, внедрении систем управления рисками и осуществлении сложных проектных финансовых операций.",
      "order": 2,
      "text_kk": "Ірі инвестицияларды құрылымдау, тәуекелдерді басқару жүйелерін енгізу және күрделі жобалық қаржыландыру операцияларын іске асыру бойынша дәлелденген тәжірибесі бар.",
      "text_en": "Proven experience in structuring large-scale investments, implementing risk management systems and executing complex project finance transactions."
    }
  },
  {
    "model": "core.teammemberbioitem",
    "pk": 6,
    "fields": {
      "section": 2,
      "text": "Включая знаковую инвестицию в размере 1 млрд долларов США.",
      "order": 3,
      "text_kk": "Соның ішінде 1 млрд АҚШ доллары көлеміндегі ірі инвестиция.",
      "text_en": "Including a landmark USD 1 billion investment."
    }
  },
  {
    "model": "core.teammemberbioitem",
    "pk": 7,
    "fields": {
      "section": 3,
      "text": "20 лет опыта работы в сфере корпоративных финансов, банковского дела и частного капитала.",
      "order": 1,
      "text_kk": "Корпоративтік қаржы, банк ісі және private equity саласында 20 жылдық тәжірибесі бар.",
      "text_en": "20 years of experience in corporate finance, banking and private equity."
    }
  },
  {
    "model": "core.teammemberbioitem",
    "pk": 8,
    "fields": {
      "section": 3,
      "text": "Общий портфель проектов составляет около 500 млн долларов.",
      "order": 2,
      "text_kk": "Жобалардың жалпы портфелі шамамен 500 млн АҚШ долларын құрайды.",
      "text_en": "The total project portfolio is approximately USD 500 million."
    }
  },
  {
    "model": "core.teammemberbioitem",
    "pk": 9,
    "fields": {
      "section": 3,
      "text": "Присоединилась к ТОО «BVM» в 2019 году и в 2025 году была назначена Заместителем по инвестиционной деятельности (CIO).",
      "order": 3,
      "text_kk": "2019 жылы «BVM» ЖШС-ға қосылып, 2025 жылы инвестициялық қызмет жөніндегі орынбасар (CIO) болып тағайындалды.",
      "text_en": "Joined BVM LLP in 2019 and was appointed Deputy for Investment Activities (CIO) in 2025."
    }
  },
  {
    "model": "core.teammemberbioitem",
    "pk": 10,
    "fields": {
      "section": 3,
      "text": "Руководила структурированием и осуществлением финансовых транзакций для ключевых проектов.",
      "order": 4,
      "text_kk": "Негізгі жобалар бойынша қаржылық транзакцияларды құрылымдау және іске асыруды басқарды.",
      "text_en": "Led the structuring and execution of financial transactions for key projects."
    }
  },
  {
    "model": "core.teammemberbioitem",
    "pk": 11,
    "fields": {
      "section": 3,
      "text": "Внесла вклад в запуск Adal Fund LP (AIFC).",
      "order": 5,
      "text_kk": "Adal Fund LP (AIFC) іске қосылуына үлес қосты.",
      "text_en": "Contributed to the launch of Adal Fund LP (AIFC)."
    }
  },
  {
    "model": "core.teammemberbioitem",
    "pk": 12,
    "fields": {
      "section": 4,
      "text": "Казахская государственная академия управления — специальность «Международные экономические отношения»",
      "order": 1,
      "text_kk": "Қазақ мемлекеттік басқару академиясы — «Халықаралық экономикалық қатынастар» мамандығы",
      "text_en": "Kazakh State Academy of Management - International Economic Relations"
    }
  },
  {
    "model": "core.teammemberbioitem",
    "pk": 13,
    "fields": {
      "section": 4,
      "text": "Warwick Business School (UK) — степень MBA",
      "order": 2,
      "text_kk": "Warwick Business School (UK) — MBA дәрежесі",
      "text_en": "Warwick Business School (UK) - MBA degree"
    }
  },
  {
    "model": "core.teammemberbioitem",
    "pk": 14,
    "fields": {
      "section": 5,
      "text": "Более 20 лет опыта работы в сфере управления активами, корпоративных финансов, прямых инвестиций в ведущих государственных и частных финансовых институтах, а также на государственной службе.",
      "order": 1,
      "text_kk": "Жетекші мемлекеттік және жеке қаржы институттарында, сондай-ақ мемлекеттік қызметте активтерді басқару, корпоративтік қаржы және тікелей инвестициялар саласында 20 жылдан астам тәжірибесі бар.",
      "text_en": "More than 20 years of experience in asset management, corporate finance and direct investments in leading public and private financial institutions, as well as in public service."
    }
  },
  {
    "model": "core.teammemberbioitem",
    "pk": 15,
    "fields": {
      "section": 5,
      "text": "Свыше 10 лет занимал руководящие позиции.",
      "order": 2,
      "text_kk": "10 жылдан астам уақыт басшылық лауазымдар атқарды.",
      "text_en": "Held executive positions for over 10 years."
    }
  },
  {
    "model": "core.teammemberbioitem",
    "pk": 16,
    "fields": {
      "section": 6,
      "text": "Бакалавр в области делового администрирования — KIMEP University",
      "order": 1,
      "text_kk": "Іскерлік әкімшілендіру бакалавры — KIMEP University",
      "text_en": "Bachelor in Business Administration - KIMEP University"
    }
  },
  {
    "model": "core.teammemberbioitem",
    "pk": 17,
    "fields": {
      "section": 6,
      "text": "Магистр в области финансов — The George Washington University (США)",
      "order": 2,
      "text_kk": "Қаржы магистрі — The George Washington University (АҚШ)",
      "text_en": "Master in Finance - The George Washington University (USA)"
    }
  },
  {
    "model": "core.teammemberbioitem",
    "pk": 18,
    "fields": {
      "section": 7,
      "text": "Заместитель Председателя правления АО «Qazaqstan Investment Corporation».",
      "order": 1,
      "text_kk": "«Qazaqstan Investment Corporation» АҚ Басқарма төрағасының орынбасары.",
      "text_en": "Deputy Chairman of the Management Board of Qazaqstan Investment Corporation JSC."
    }
  },
  {
    "model": "core.teammemberbioitem",
    "pk": 19,
    "fields": {
      "section": 7,
      "text": "Обладает обширным управленческим опытом в сферах корпоративного управления, HR, IT, бухгалтерии, корпоративного права, закупок и государственного регулирования.",
      "order": 2,
      "text_kk": "Корпоративтік басқару, HR, IT, бухгалтерия, корпоративтік құқық, сатып алу және мемлекеттік реттеу салаларында кең басқарушылық тәжірибесі бар.",
      "text_en": "Has extensive management experience in corporate governance, HR, IT, accounting, corporate law, procurement and public regulation."
    }
  },
  {
    "model": "core.teammemberbioitem",
    "pk": 20,
    "fields": {
      "section": 7,
      "text": "Генеральный директор управляющей компании фонда Warp Capital Management.",
      "order": 3,
      "text_kk": "Warp Capital Management қорының басқарушы компаниясының бас директоры.",
      "text_en": "CEO of the management company of the Warp Capital Management fund."
    }
  },
  {
    "model": "core.teammemberbioitem",
    "pk": 21,
    "fields": {
      "section": 7,
      "text": "Глава представительства АО «Казахстанская фондовая биржа KASE».",
      "order": 4,
      "text_kk": "«Қазақстан қор биржасы KASE» АҚ өкілдігінің басшысы.",
      "text_en": "Head of the representative office of Kazakhstan Stock Exchange KASE JSC."
    }
  },
  {
    "model": "core.teammemberbioitem",
    "pk": 22,
    "fields": {
      "section": 8,
      "text": "Медаль «Заслуженный финансист Казахстана».",
      "order": 1,
      "text_kk": "«Қазақстанның еңбек сіңірген қаржыгері» медалі.",
      "text_en": "Medal “Honoured Financier of Kazakhstan”."
    }
  },
  {
    "model": "core.teammemberbioitem",
    "pk": 23,
    "fields": {
      "section": 9,
      "text": "Бакалавр в области финансов — Павлодарский государственный университет",
      "order": 1,
      "text_kk": "Қаржы бакалавры — Павлодар мемлекеттік университеті",
      "text_en": "Bachelor in Finance - Pavlodar State University"
    }
  },
  {
    "model": "core.teammemberbioitem",
    "pk": 24,
    "fields": {
      "section": 9,
      "text": "Магистр в области экономики — Павлодарский государственный университет",
      "order": 2,
      "text_kk": "Экономика магистрі — Павлодар мемлекеттік университеті",
      "text_en": "Master in Economics - Pavlodar State University"
    }
  },
  {
    "model": "core.teammemberbioitem",
    "pk": 25,
    "fields": {
      "section": 10,
      "text": "Управляющий директор департамента кэптивных фондов АО «Qazaqstan Investment Corporation».",
      "order": 1,
      "text_kk": "«Qazaqstan Investment Corporation» АҚ кэптивтік қорлар департаментінің басқарушы директоры.",
      "text_en": "Managing Director of the Captive Funds Department at Qazaqstan Investment Corporation JSC."
    }
  },
  {
    "model": "core.teammemberbioitem",
    "pk": 26,
    "fields": {
      "section": 10,
      "text": "Более 24 лет опыта работы в финансовой сфере, в том числе 18 лет опыта работы на руководящих должностях.",
      "order": 2,
      "text_kk": "Қаржы саласында 24 жылдан астам тәжірибесі бар, оның ішінде 18 жыл басшылық лауазымдарда жұмыс істеген.",
      "text_en": "More than 24 years of experience in finance, including 18 years in executive positions."
    }
  },
  {
    "model": "core.teammemberbioitem",
    "pk": 27,
    "fields": {
      "section": 10,
      "text": "Корпоративный секретарь, директор департамента кэптивных фондов и управляющий директор в АО «Qazaqstan Investment Corporation» с 2021 года по настоящее время.",
      "order": 3,
      "text_kk": "2021 жылдан бастап қазіргі уақытқа дейін «Qazaqstan Investment Corporation» АҚ-да корпоративтік хатшы, кэптивтік қорлар департаментінің директоры және басқарушы директор.",
      "text_en": "Corporate Secretary, Director of the Captive Funds Department and Managing Director at Qazaqstan Investment Corporation JSC from 2021 to present."
    }
  }
]
